#{"t_start": 1777039734.3268516, "env_id": "CarRacing-v3"}
r,l,t
214.285714,1000,18.680208
